"","Df","SumOfSqs","R2","F","Pr(>F)"
"Model",21,27.147188002736,0.498736202508422,5.25906136368436,0.001
"Residual",111,27.284769946572,0.501263797491578,NA,NA
"Total",132,54.4319579493079,1,NA,NA
