"","Df","SumOfSqs","R2","F","Pr(>F)"
"Model",21,26.765631978747,0.496505449404786,5.16538426710088,0.001
"Residual",110,27.1424006739334,0.503494550595214,NA,NA
"Total",131,53.9080326526804,1,NA,NA
