"","Df","SumOfSqs","R2","F","Pr(>F)"
"Model",21,26.763854983881,0.49647883580613,5.16483439144944,0.001
"Residual",110,27.1434881970719,0.50352116419387,NA,NA
"Total",131,53.9073431809529,1,NA,NA
