"","Df","SumOfSqs","R2","F","Pr(>F)"
"Model",9,12.9421585619596,0.507905465778497,6.5368224861226,0.001
"Residual",57,12.5392733854647,0.492094534221503,NA,NA
"Total",66,25.4814319474243,1,NA,NA
