"","Df","SumOfSqs","R2","F","Pr(>F)"
"Model",1,5.15268876518486,0.20187083777697,16.4404523435222,0.001
"Residual",65,20.3719923721552,0.798129162223031,NA,NA
"Total",66,25.5246811373401,1,NA,NA
