"","Df","SumOfSqs","R2","F","Pr(>F)"
"Model",9,12.9838096086722,0.508676662357133,6.55702388787586,0.001
"Residual",57,12.5408715286679,0.491323337642867,NA,NA
"Total",66,25.5246811373401,1,NA,NA
