"","Df","SumOfSqs","R2","F","Pr(>F)"
"Model",1,5.17419318768545,0.203057394826214,16.5617079298022,0.001
"Residual",65,20.3072387597389,0.796942605173786,NA,NA
"Total",66,25.4814319474243,1,NA,NA
