"Factor","R_squared","Percentage"
"Trait (HMA/LMA)",0.20187083777697,20.19
"Phylogeny (3 PCs)",0.272363354832613,27.24
"Geography (3 PCs)",0.0810873601522,8.11
"Full model",0.422011946896545,42.2
"Shared/Overlap",0.133309605865238,13.33
"Unexplained",0.577988053103455,57.8
