"Comparison","Z","P.unadj","P.adj"
"Between HMA-LMA - Within HMA",26.0429790177492,1.61573864237542e-149,4.84721592712626e-149
"Between HMA-LMA - Within LMA",47.9595066346151,0,0
"Within HMA - Within LMA",6.11496571250312,9.65777263890038e-10,2.89733179167011e-09
