"","Df","SumOfSqs","R2","F","Pr(>F)"
"Model",1,5.17372005153024,0.203032408121018,16.5591507889949,0.001
"Residual",65,20.3085174858703,0.796967591878982,NA,NA
"Total",66,25.4822375374005,1,NA,NA
